{
  "id": "",
  "name": "",
  "font_family": "iconfont",
  "css_prefix_text": "icon-",
  "description": "",
  "glyphs": [
    {
      "icon_id": "141845",
      "name": "my-location",
      "font_class": "mylocation",
      "unicode": "e7f1",
      "unicode_decimal": 59377
    },
    {
      "icon_id": "142323",
      "name": "location",
      "font_class": "location",
      "unicode": "e970",
      "unicode_decimal": 59760
    },
    {
      "icon_id": "404862",
      "name": "sey-Location",
      "font_class": "sey-Location",
      "unicode": "e68d",
      "unicode_decimal": 59021
    },
    {
      "icon_id": "431854",
      "name": "location",
      "font_class": "location1",
      "unicode": "e74c",
      "unicode_decimal": 59212
    },
    {
      "icon_id": "448388",
      "name": "Location Icon",
      "font_class": "locationicon",
      "unicode": "e638",
      "unicode_decimal": 58936
    },
    {
      "icon_id": "461929",
      "name": "iconfont-iconlocation",
      "font_class": "iconfonticonlocation",
      "unicode": "e61e",
      "unicode_decimal": 58910
    },
    {
      "icon_id": "461952",
      "name": "iconfont-siglocation",
      "font_class": "iconfontsiglyphpinlocation2",
      "unicode": "e62d",
      "unicode_decimal": 58925
    },
    {
      "icon_id": "736842",
      "name": "location",
      "font_class": "location2",
      "unicode": "e6ec",
      "unicode_decimal": 59116
    },
    {
      "icon_id": "1026997",
      "name": "map-location",
      "font_class": "maplocation",
      "unicode": "e64b",
      "unicode_decimal": 58955
    },
    {
      "icon_id": "1160804",
      "name": "location",
      "font_class": "location3",
      "unicode": "e834",
      "unicode_decimal": 59444
    },
    {
      "icon_id": "1196937",
      "name": "map-location",
      "font_class": "map-location",
      "unicode": "e643",
      "unicode_decimal": 58947
    },
    {
      "icon_id": "1210932",
      "name": "Location",
      "font_class": "Location",
      "unicode": "e66d",
      "unicode_decimal": 58989
    },
    {
      "icon_id": "1393687",
      "name": "location",
      "font_class": "location4",
      "unicode": "e701",
      "unicode_decimal": 59137
    },
    {
      "icon_id": "1410410",
      "name": "location",
      "font_class": "location5",
      "unicode": "e68e",
      "unicode_decimal": 59022
    },
    {
      "icon_id": "1488718",
      "name": "location",
      "font_class": "location6",
      "unicode": "e663",
      "unicode_decimal": 58979
    },
    {
      "icon_id": "8826689",
      "name": "location",
      "font_class": "location7",
      "unicode": "e927",
      "unicode_decimal": 59687
    },
    {
      "icon_id": "10331246",
      "name": "map-location",
      "font_class": "map-location1",
      "unicode": "e691",
      "unicode_decimal": 59025
    }
  ]
}
